Record,Type,Name,Start,End,GenomeLen,Species,Accession
NC_000861.1,tRNA,tRNA-Phe,0,68,16659,Salvelinus_alpinus,NC_000861.1
NC_000861.1,rRNA,12S rRNA,68,1015,16659,Salvelinus_alpinus,NC_000861.1
NC_000861.1,tRNA,tRNA-Val,1015,1087,16659,Salvelinus_alpinus,NC_000861.1
NC_000861.1,rRNA,16S rRNA,1087,2767,16659,Salvelinus_alpinus,NC_000861.1
NC_000861.1,tRNA,tRNA-Leu,2767,2842,16659,Salvelinus_alpinus,NC_000861.1
NC_000861.1,CDS,ND1,2842,3817,16659,Salvelinus_alpinus,NC_000861.1
NC_000861.1,tRNA,tRNA-Ile,3823,3895,16659,Salvelinus_alpinus,NC_000861.1
NC_000861.1,tRNA,tRNA-Gln,3892,3963,16659,Salvelinus_alpinus,NC_000861.1
NC_000861.1,tRNA,tRNA-Met,3962,4031,16659,Salvelinus_alpinus,NC_000861.1
NC_000861.1,CDS,ND2,4031,5081,16659,Salvelinus_alpinus,NC_000861.1
NC_000861.1,tRNA,tRNA-Trp,5081,5153,16659,Salvelinus_alpinus,NC_000861.1
NC_000861.1,tRNA,tRNA-Ala,5154,5223,16659,Salvelinus_alpinus,NC_000861.1
NC_000861.1,tRNA,tRNA-Asn,5224,5297,16659,Salvelinus_alpinus,NC_000861.1
NC_000861.1,tRNA,tRNA-Cys,5333,5400,16659,Salvelinus_alpinus,NC_000861.1
NC_000861.1,tRNA,tRNA-Tyr,5400,5471,16659,Salvelinus_alpinus,NC_000861.1
NC_000861.1,CDS,COXI,5472,7023,16659,Salvelinus_alpinus,NC_000861.1
NC_000861.1,tRNA,tRNA-Ser,7023,7094,16659,Salvelinus_alpinus,NC_000861.1
NC_000861.1,tRNA,tRNA-Asp,7098,7172,16659,Salvelinus_alpinus,NC_000861.1
NC_000861.1,CDS,COXII,7186,7877,16659,Salvelinus_alpinus,NC_000861.1
NC_000861.1,tRNA,tRNA-Lys,7877,7951,16659,Salvelinus_alpinus,NC_000861.1
NC_000861.1,CDS,ATPase8,7952,8120,16659,Salvelinus_alpinus,NC_000861.1
NC_000861.1,CDS,ATPase6,8110,8793,16659,Salvelinus_alpinus,NC_000861.1
NC_000861.1,CDS,COXIII,8793,9578,16659,Salvelinus_alpinus,NC_000861.1
NC_000861.1,tRNA,tRNA-Gly,9578,9648,16659,Salvelinus_alpinus,NC_000861.1
NC_000861.1,CDS,ND3,9648,9997,16659,Salvelinus_alpinus,NC_000861.1
NC_000861.1,tRNA,tRNA-Arg,9997,10067,16659,Salvelinus_alpinus,NC_000861.1
NC_000861.1,CDS,ND4L,10067,10364,16659,Salvelinus_alpinus,NC_000861.1
NC_000861.1,CDS,ND4,10357,11738,16659,Salvelinus_alpinus,NC_000861.1
NC_000861.1,tRNA,tRNA-His,11738,11807,16659,Salvelinus_alpinus,NC_000861.1
NC_000861.1,tRNA,tRNA-Ser,11807,11876,16659,Salvelinus_alpinus,NC_000861.1
NC_000861.1,tRNA,tRNA-Leu,11877,11950,16659,Salvelinus_alpinus,NC_000861.1
NC_000861.1,CDS,ND5,11950,13789,16659,Salvelinus_alpinus,NC_000861.1
NC_000861.1,CDS,ND6,13785,14307,16659,Salvelinus_alpinus,NC_000861.1
NC_000861.1,tRNA,tRNA-Glu,14307,14376,16659,Salvelinus_alpinus,NC_000861.1
NC_000861.1,CDS,Cytb,14379,15520,16659,Salvelinus_alpinus,NC_000861.1
NC_000861.1,tRNA,tRNA-Thr,15520,15592,16659,Salvelinus_alpinus,NC_000861.1
NC_000861.1,tRNA,tRNA-Pro,15591,15661,16659,Salvelinus_alpinus,NC_000861.1
NC_000890.1,tRNA,tRNA-Phe,0,69,16707,Mustelus_manazo,NC_000890.1
NC_000890.1,rRNA,12S rRNA,69,1022,16707,Mustelus_manazo,NC_000890.1
NC_000890.1,tRNA,tRNA-Val,1022,1094,16707,Mustelus_manazo,NC_000890.1
NC_000890.1,rRNA,16S rRNA,1094,2764,16707,Mustelus_manazo,NC_000890.1
NC_000890.1,tRNA,tRNA-Leu,2764,2839,16707,Mustelus_manazo,NC_000890.1
NC_000890.1,CDS,ND1,2839,3814,16707,Mustelus_manazo,NC_000890.1
NC_000890.1,tRNA,tRNA-Ile,3814,3883,16707,Mustelus_manazo,NC_000890.1
NC_000890.1,tRNA,tRNA-Gln,3884,3956,16707,Mustelus_manazo,NC_000890.1
NC_000890.1,tRNA,tRNA-Met,3956,4025,16707,Mustelus_manazo,NC_000890.1
NC_000890.1,CDS,ND2,4025,5070,16707,Mustelus_manazo,NC_000890.1
NC_000890.1,tRNA,tRNA-Trp,5070,5141,16707,Mustelus_manazo,NC_000890.1
NC_000890.1,tRNA,tRNA-Ala,5142,5211,16707,Mustelus_manazo,NC_000890.1
NC_000890.1,tRNA,tRNA-Asn,5211,5284,16707,Mustelus_manazo,NC_000890.1
NC_000890.1,tRNA,tRNA-Cys,5319,5388,16707,Mustelus_manazo,NC_000890.1
NC_000890.1,tRNA,tRNA-Tyr,5389,5459,16707,Mustelus_manazo,NC_000890.1
NC_000890.1,CDS,COXI,5460,7017,16707,Mustelus_manazo,NC_000890.1
NC_000890.1,tRNA,tRNA-Ser,7018,7089,16707,Mustelus_manazo,NC_000890.1
NC_000890.1,tRNA,tRNA-Asp,7092,7162,16707,Mustelus_manazo,NC_000890.1
NC_000890.1,CDS,COXII,7169,7860,16707,Mustelus_manazo,NC_000890.1
NC_000890.1,tRNA,tRNA-Lys,7860,7934,16707,Mustelus_manazo,NC_000890.1
NC_000890.1,CDS,ATPase8,7935,8103,16707,Mustelus_manazo,NC_000890.1
NC_000890.1,CDS,ATPase6,8093,8777,16707,Mustelus_manazo,NC_000890.1
NC_000890.1,CDS,COXIII,8776,9562,16707,Mustelus_manazo,NC_000890.1
NC_000890.1,tRNA,tRNA-Gly,9564,9634,16707,Mustelus_manazo,NC_000890.1
NC_000890.1,CDS,ND3,9634,9983,16707,Mustelus_manazo,NC_000890.1
NC_000890.1,tRNA,tRNA-Arg,9983,10053,16707,Mustelus_manazo,NC_000890.1
NC_000890.1,CDS,ND4L,10053,10350,16707,Mustelus_manazo,NC_000890.1
NC_000890.1,CDS,ND4,10343,11724,16707,Mustelus_manazo,NC_000890.1
NC_000890.1,tRNA,tRNA-His,11724,11793,16707,Mustelus_manazo,NC_000890.1
NC_000890.1,tRNA,tRNA-Ser,11793,11860,16707,Mustelus_manazo,NC_000890.1
NC_000890.1,tRNA,tRNA-Leu,11860,11932,16707,Mustelus_manazo,NC_000890.1
NC_000890.1,CDS,ND5,11932,13762,16707,Mustelus_manazo,NC_000890.1
NC_000890.1,CDS,ND6,13757,14279,16707,Mustelus_manazo,NC_000890.1
NC_000890.1,tRNA,tRNA-Glu,14279,14349,16707,Mustelus_manazo,NC_000890.1
NC_000890.1,CDS,Cytb,14351,15496,16707,Mustelus_manazo,NC_000890.1
NC_000890.1,tRNA,tRNA-Thr,15496,15568,16707,Mustelus_manazo,NC_000890.1
NC_000890.1,tRNA,tRNA-Pro,15570,15639,16707,Mustelus_manazo,NC_000890.1
NC_000893.1,tRNA,tRNA-Phe,0,69,16783,Amblyraja_radiata,NC_000893.1
NC_000893.1,rRNA,12S rRNA,69,1036,16783,Amblyraja_radiata,NC_000893.1
NC_000893.1,tRNA,tRNA-Val,1036,1108,16783,Amblyraja_radiata,NC_000893.1
NC_000893.1,rRNA,16S rRNA,1108,2786,16783,Amblyraja_radiata,NC_000893.1
NC_000893.1,tRNA,tRNA-Leu,2786,2860,16783,Amblyraja_radiata,NC_000893.1
NC_000893.1,CDS,ND1,2860,3835,16783,Amblyraja_radiata,NC_000893.1
NC_000893.1,tRNA,tRNA-Ile,3835,3905,16783,Amblyraja_radiata,NC_000893.1
NC_000893.1,tRNA,tRNA-Gln,3904,3976,16783,Amblyraja_radiata,NC_000893.1
NC_000893.1,tRNA,tRNA-Met,3977,4046,16783,Amblyraja_radiata,NC_000893.1
NC_000893.1,CDS,ND2,4046,5092,16783,Amblyraja_radiata,NC_000893.1
NC_000893.1,tRNA,tRNA-Trp,5092,5161,16783,Amblyraja_radiata,NC_000893.1
NC_000893.1,tRNA,tRNA-Ala,5162,5231,16783,Amblyraja_radiata,NC_000893.1
NC_000893.1,tRNA,tRNA-Asn,5231,5304,16783,Amblyraja_radiata,NC_000893.1
NC_000893.1,tRNA,tRNA-Cys,5336,5402,16783,Amblyraja_radiata,NC_000893.1
NC_000893.1,tRNA,tRNA-Tyr,5402,5472,16783,Amblyraja_radiata,NC_000893.1
NC_000893.1,CDS,COXI,5473,7030,16783,Amblyraja_radiata,NC_000893.1
NC_000893.1,tRNA,tRNA-Ser,7030,7101,16783,Amblyraja_radiata,NC_000893.1
NC_000893.1,tRNA,tRNA-Asp,7101,7170,16783,Amblyraja_radiata,NC_000893.1
NC_000893.1,CDS,COXII,7175,7866,16783,Amblyraja_radiata,NC_000893.1
NC_000893.1,tRNA,tRNA-Lys,7866,7939,16783,Amblyraja_radiata,NC_000893.1
NC_000893.1,CDS,ATPase8,7940,8108,16783,Amblyraja_radiata,NC_000893.1
NC_000893.1,CDS,ATPase6,8098,8782,16783,Amblyraja_radiata,NC_000893.1
NC_000893.1,CDS,COXIII,8784,9570,16783,Amblyraja_radiata,NC_000893.1
NC_000893.1,tRNA,tRNA-Gly,9571,9641,16783,Amblyraja_radiata,NC_000893.1
NC_000893.1,CDS,ND3,9641,9990,16783,Amblyraja_radiata,NC_000893.1
NC_000893.1,tRNA,tRNA-Arg,9990,10060,16783,Amblyraja_radiata,NC_000893.1
NC_000893.1,CDS,ND4L,10060,10357,16783,Amblyraja_radiata,NC_000893.1
NC_000893.1,CDS,ND4,10350,11731,16783,Amblyraja_radiata,NC_000893.1
NC_000893.1,tRNA,tRNA-His,11731,11800,16783,Amblyraja_radiata,NC_000893.1
NC_000893.1,tRNA,tRNA-Ser,11800,11867,16783,Amblyraja_radiata,NC_000893.1
NC_000893.1,tRNA,tRNA-Leu,11868,11940,16783,Amblyraja_radiata,NC_000893.1
NC_000893.1,CDS,ND5,11940,13776,16783,Amblyraja_radiata,NC_000893.1
NC_000893.1,CDS,ND6,13772,14291,16783,Amblyraja_radiata,NC_000893.1
NC_000893.1,tRNA,tRNA-Glu,14292,14361,16783,Amblyraja_radiata,NC_000893.1
NC_000893.1,CDS,Cytb,14364,15507,16783,Amblyraja_radiata,NC_000893.1
NC_000893.1,tRNA,tRNA-Thr,15510,15583,16783,Amblyraja_radiata,NC_000893.1
NC_000893.1,tRNA,tRNA-Pro,15650,15719,16783,Amblyraja_radiata,NC_000893.1
NC_001131.1,tRNA,tRNA-Phe,0,67,16159,Lampetra_fluviatilis,NC_001131.1
NC_001131.1,rRNA,12S rRNA,67,969,16159,Lampetra_fluviatilis,NC_001131.1
NC_001131.1,tRNA,tRNA-Val,969,1040,16159,Lampetra_fluviatilis,NC_001131.1
NC_001131.1,rRNA,16S rRNA,1040,2656,16159,Lampetra_fluviatilis,NC_001131.1
NC_001131.1,tRNA,tRNA-Leu,2656,2730,16159,Lampetra_fluviatilis,NC_001131.1
NC_001131.1,CDS,ND1,2734,3700,16159,Lampetra_fluviatilis,NC_001131.1
NC_001131.1,tRNA,tRNA-Ile,3730,3799,16159,Lampetra_fluviatilis,NC_001131.1
NC_001131.1,tRNA,tRNA-Gln,3801,3872,16159,Lampetra_fluviatilis,NC_001131.1
NC_001131.1,tRNA,tRNA-Met,3872,3940,16159,Lampetra_fluviatilis,NC_001131.1
NC_001131.1,CDS,ND2,3941,4983,16159,Lampetra_fluviatilis,NC_001131.1
NC_001131.1,tRNA,tRNA-Trp,4983,5050,16159,Lampetra_fluviatilis,NC_001131.1
NC_001131.1,tRNA,tRNA-Ala,5054,5122,16159,Lampetra_fluviatilis,NC_001131.1
NC_001131.1,tRNA,tRNA-Asn,5124,5193,16159,Lampetra_fluviatilis,NC_001131.1
NC_001131.1,tRNA,tRNA-Cys,5194,5261,16159,Lampetra_fluviatilis,NC_001131.1
NC_001131.1,tRNA,tRNA-Tyr,5265,5336,16159,Lampetra_fluviatilis,NC_001131.1
NC_001131.1,CDS,COXI,5337,6891,16159,Lampetra_fluviatilis,NC_001131.1
NC_001131.1,tRNA,tRNA-Ser,6881,6953,16159,Lampetra_fluviatilis,NC_001131.1
NC_001131.1,tRNA,tRNA-Asp,6953,7021,16159,Lampetra_fluviatilis,NC_001131.1
NC_001131.1,CDS,COXII,7024,7714,16159,Lampetra_fluviatilis,NC_001131.1
NC_001131.1,tRNA,tRNA-Lys,7726,7793,16159,Lampetra_fluviatilis,NC_001131.1
NC_001131.1,CDS,ATPase8,7794,7962,16159,Lampetra_fluviatilis,NC_001131.1
NC_001131.1,CDS,ATPase6,7952,8631,16159,Lampetra_fluviatilis,NC_001131.1
NC_001131.1,CDS,COXIII,8631,9417,16159,Lampetra_fluviatilis,NC_001131.1
NC_001131.1,tRNA,tRNA-Gly,9425,9494,16159,Lampetra_fluviatilis,NC_001131.1
NC_001131.1,CDS,ND3,9495,9846,16159,Lampetra_fluviatilis,NC_001131.1
NC_001131.1,tRNA,tRNA-Arg,9851,9917,16159,Lampetra_fluviatilis,NC_001131.1
NC_001131.1,CDS,ND4L,9924,10215,16159,Lampetra_fluviatilis,NC_001131.1
NC_001131.1,CDS,ND4,10208,11585,16159,Lampetra_fluviatilis,NC_001131.1
NC_001131.1,tRNA,tRNA-His,11586,11655,16159,Lampetra_fluviatilis,NC_001131.1
NC_001131.1,tRNA,tRNA-Ser,11655,11723,16159,Lampetra_fluviatilis,NC_001131.1
NC_001131.1,tRNA,tRNA-Leu,11724,11796,16159,Lampetra_fluviatilis,NC_001131.1
NC_001131.1,CDS,ND5,11797,13594,16159,Lampetra_fluviatilis,NC_001131.1
NC_001131.1,CDS,ND6,13578,14097,16159,Lampetra_fluviatilis,NC_001131.1
NC_001131.1,tRNA,tRNA-Thr,14588,14660,16159,Lampetra_fluviatilis,NC_001131.1
NC_001131.1,tRNA,tRNA-Glu,14661,14732,16159,Lampetra_fluviatilis,NC_001131.1
NC_001131.1,CDS,Cytb,14883,16074,16159,Lampetra_fluviatilis,NC_001131.1
NC_001131.1,tRNA,tRNA-Pro,16078,16149,16159,Lampetra_fluviatilis,NC_001131.1
NC_001606.1,tRNA,tRNA-Phe,0,69,16575,Cyprinus_carpio,NC_001606.1
NC_001606.1,rRNA,12S rRNA,69,1020,16575,Cyprinus_carpio,NC_001606.1
NC_001606.1,tRNA,tRNA-Val,1020,1092,16575,Cyprinus_carpio,NC_001606.1
NC_001606.1,rRNA,16S rRNA,1092,2774,16575,Cyprinus_carpio,NC_001606.1
NC_001606.1,tRNA,tRNA-Leu,2774,2849,16575,Cyprinus_carpio,NC_001606.1
NC_001606.1,CDS,ND1,2850,3825,16575,Cyprinus_carpio,NC_001606.1
NC_001606.1,tRNA,tRNA-Ile,3829,3900,16575,Cyprinus_carpio,NC_001606.1
NC_001606.1,tRNA,tRNA-Gln,3898,3969,16575,Cyprinus_carpio,NC_001606.1
NC_001606.1,tRNA,tRNA-Met,3971,4040,16575,Cyprinus_carpio,NC_001606.1
NC_001606.1,CDS,ND2,4040,5085,16575,Cyprinus_carpio,NC_001606.1
NC_001606.1,tRNA,tRNA-Trp,5085,5156,16575,Cyprinus_carpio,NC_001606.1
NC_001606.1,tRNA,tRNA-Ala,5158,5226,16575,Cyprinus_carpio,NC_001606.1
NC_001606.1,tRNA,tRNA-Asn,5227,5300,16575,Cyprinus_carpio,NC_001606.1
NC_001606.1,tRNA,tRNA-Cys,5333,5400,16575,Cyprinus_carpio,NC_001606.1
NC_001606.1,tRNA,tRNA-Tyr,5399,5469,16575,Cyprinus_carpio,NC_001606.1
NC_001606.1,CDS,COXI,5470,7021,16575,Cyprinus_carpio,NC_001606.1
NC_001606.1,tRNA,tRNA-Ser,7021,7092,16575,Cyprinus_carpio,NC_001606.1
NC_001606.1,tRNA,tRNA-Asp,7095,7167,16575,Cyprinus_carpio,NC_001606.1
NC_001606.1,CDS,COXII,7180,7871,16575,Cyprinus_carpio,NC_001606.1
NC_001606.1,tRNA,tRNA-Lys,7871,7947,16575,Cyprinus_carpio,NC_001606.1
NC_001606.1,CDS,ATPase8,7948,8113,16575,Cyprinus_carpio,NC_001606.1
NC_001606.1,CDS,ATPase6,8106,8789,16575,Cyprinus_carpio,NC_001606.1
NC_001606.1,CDS,COXIII,8789,9574,16575,Cyprinus_carpio,NC_001606.1
NC_001606.1,tRNA,tRNA-Gly,9574,9646,16575,Cyprinus_carpio,NC_001606.1
NC_001606.1,CDS,ND3,9646,9995,16575,Cyprinus_carpio,NC_001606.1
NC_001606.1,tRNA,tRNA-Arg,9995,10065,16575,Cyprinus_carpio,NC_001606.1
NC_001606.1,CDS,ND4L,10065,10362,16575,Cyprinus_carpio,NC_001606.1
NC_001606.1,CDS,ND4,10355,11736,16575,Cyprinus_carpio,NC_001606.1
NC_001606.1,tRNA,tRNA-His,11736,11805,16575,Cyprinus_carpio,NC_001606.1
NC_001606.1,tRNA,tRNA-Ser,11805,11874,16575,Cyprinus_carpio,NC_001606.1
NC_001606.1,tRNA,tRNA-Leu,11875,11948,16575,Cyprinus_carpio,NC_001606.1
NC_001606.1,CDS,ND5,11951,13775,16575,Cyprinus_carpio,NC_001606.1
NC_001606.1,CDS,ND6,13771,14290,16575,Cyprinus_carpio,NC_001606.1
NC_001606.1,tRNA,tRNA-Glu,14290,14359,16575,Cyprinus_carpio,NC_001606.1
NC_001606.1,CDS,Cytb,14364,15505,16575,Cyprinus_carpio,NC_001606.1
NC_001606.1,tRNA,tRNA-Thr,15505,15577,16575,Cyprinus_carpio,NC_001606.1
NC_001606.1,tRNA,tRNA-Pro,15576,15646,16575,Cyprinus_carpio,NC_001606.1
NC_001626.1,tRNA,tRNA-Phe,0,68,16201,Petromyzon_marinus,NC_001626.1
NC_001626.1,rRNA,12S rRNA,68,968,16201,Petromyzon_marinus,NC_001626.1
NC_001626.1,tRNA,tRNA-Val,968,1039,16201,Petromyzon_marinus,NC_001626.1
NC_001626.1,rRNA,16S rRNA,1039,2660,16201,Petromyzon_marinus,NC_001626.1
NC_001626.1,tRNA,tRNA-Leu,2660,2734,16201,Petromyzon_marinus,NC_001626.1
NC_001626.1,CDS,ND1,2738,3704,16201,Petromyzon_marinus,NC_001626.1
NC_001626.1,tRNA,tRNA-Ile,3727,3796,16201,Petromyzon_marinus,NC_001626.1
NC_001626.1,tRNA,tRNA-Gln,3798,3869,16201,Petromyzon_marinus,NC_001626.1
NC_001626.1,tRNA,tRNA-Met,3869,3937,16201,Petromyzon_marinus,NC_001626.1
NC_001626.1,CDS,ND2,3938,4980,16201,Petromyzon_marinus,NC_001626.1
NC_001626.1,tRNA,tRNA-Trp,4980,5048,16201,Petromyzon_marinus,NC_001626.1
NC_001626.1,tRNA,tRNA-Ala,5050,5118,16201,Petromyzon_marinus,NC_001626.1
NC_001626.1,tRNA,tRNA-Asn,5121,5190,16201,Petromyzon_marinus,NC_001626.1
NC_001626.1,tRNA,tRNA-Cys,5191,5257,16201,Petromyzon_marinus,NC_001626.1
NC_001626.1,tRNA,tRNA-Tyr,5262,5333,16201,Petromyzon_marinus,NC_001626.1
NC_001626.1,CDS,COXI,5334,6888,16201,Petromyzon_marinus,NC_001626.1
NC_001626.1,tRNA,tRNA-Ser,6878,6950,16201,Petromyzon_marinus,NC_001626.1
NC_001626.1,tRNA,tRNA-Asp,6950,7019,16201,Petromyzon_marinus,NC_001626.1
NC_001626.1,CDS,COXII,7022,7712,16201,Petromyzon_marinus,NC_001626.1
NC_001626.1,tRNA,tRNA-Lys,7720,7787,16201,Petromyzon_marinus,NC_001626.1
NC_001626.1,CDS,ATPase8,7788,7956,16201,Petromyzon_marinus,NC_001626.1
NC_001626.1,CDS,ATPase6,7946,8625,16201,Petromyzon_marinus,NC_001626.1
NC_001626.1,CDS,COXIII,8625,9411,16201,Petromyzon_marinus,NC_001626.1
NC_001626.1,tRNA,tRNA-Gly,9419,9488,16201,Petromyzon_marinus,NC_001626.1
NC_001626.1,CDS,ND3,9489,9840,16201,Petromyzon_marinus,NC_001626.1
NC_001626.1,tRNA,tRNA-Arg,9845,9911,16201,Petromyzon_marinus,NC_001626.1
NC_001626.1,CDS,ND4L,9918,10209,16201,Petromyzon_marinus,NC_001626.1
NC_001626.1,CDS,ND4,10202,11579,16201,Petromyzon_marinus,NC_001626.1
NC_001626.1,tRNA,tRNA-His,11580,11649,16201,Petromyzon_marinus,NC_001626.1
NC_001626.1,tRNA,tRNA-Ser,11649,11718,16201,Petromyzon_marinus,NC_001626.1
NC_001626.1,tRNA,tRNA-Leu,11719,11791,16201,Petromyzon_marinus,NC_001626.1
NC_001626.1,CDS,ND5,11792,13589,16201,Petromyzon_marinus,NC_001626.1
NC_001626.1,CDS,ND6,13573,14092,16201,Petromyzon_marinus,NC_001626.1
NC_001626.1,tRNA,tRNA-Thr,14583,14655,16201,Petromyzon_marinus,NC_001626.1
NC_001626.1,tRNA,tRNA-Glu,14656,14727,16201,Petromyzon_marinus,NC_001626.1
NC_001626.1,CDS,Cytb,14926,16117,16201,Petromyzon_marinus,NC_001626.1
NC_001626.1,tRNA,tRNA-Pro,16120,16191,16201,Petromyzon_marinus,NC_001626.1
NC_001708.1,tRNA,tRNA-Phe,0,67,16646,Protopterus_dolloi,NC_001708.1
NC_001708.1,rRNA,12S rRNA,67,1000,16646,Protopterus_dolloi,NC_001708.1
NC_001708.1,tRNA,tRNA-Val,1000,1072,16646,Protopterus_dolloi,NC_001708.1
NC_001708.1,rRNA,16S rRNA,1072,2663,16646,Protopterus_dolloi,NC_001708.1
NC_001708.1,tRNA,tRNA-Leu,2663,2738,16646,Protopterus_dolloi,NC_001708.1
NC_001708.1,CDS,ND1,2738,3706,16646,Protopterus_dolloi,NC_001708.1
NC_001708.1,tRNA,tRNA-Ile,3706,3776,16646,Protopterus_dolloi,NC_001708.1
NC_001708.1,tRNA,tRNA-Gln,3774,3845,16646,Protopterus_dolloi,NC_001708.1
NC_001708.1,tRNA,tRNA-Met,3844,3913,16646,Protopterus_dolloi,NC_001708.1
NC_001708.1,CDS,ND2,3913,4942,16646,Protopterus_dolloi,NC_001708.1
NC_001708.1,tRNA,tRNA-Trp,4944,5014,16646,Protopterus_dolloi,NC_001708.1
NC_001708.1,tRNA,tRNA-Ala,5014,5083,16646,Protopterus_dolloi,NC_001708.1
NC_001708.1,tRNA,tRNA-Asn,5083,5156,16646,Protopterus_dolloi,NC_001708.1
NC_001708.1,tRNA,tRNA-Cys,5182,5247,16646,Protopterus_dolloi,NC_001708.1
NC_001708.1,tRNA,tRNA-Tyr,5247,5317,16646,Protopterus_dolloi,NC_001708.1
NC_001708.1,CDS,COXI,5318,6866,16646,Protopterus_dolloi,NC_001708.1
NC_001708.1,tRNA,tRNA-Ser,6870,6941,16646,Protopterus_dolloi,NC_001708.1
NC_001708.1,tRNA,tRNA-Asp,6943,7012,16646,Protopterus_dolloi,NC_001708.1
NC_001708.1,CDS,COXII,7014,7705,16646,Protopterus_dolloi,NC_001708.1
NC_001708.1,tRNA,tRNA-Lys,7705,7774,16646,Protopterus_dolloi,NC_001708.1
NC_001708.1,CDS,ATPase8,7775,7943,16646,Protopterus_dolloi,NC_001708.1
NC_001708.1,CDS,ATPase6,7933,8615,16646,Protopterus_dolloi,NC_001708.1
NC_001708.1,CDS,COXIII,8615,9399,16646,Protopterus_dolloi,NC_001708.1
NC_001708.1,tRNA,tRNA-Gly,9399,9469,16646,Protopterus_dolloi,NC_001708.1
NC_001708.1,CDS,ND3,9470,9816,16646,Protopterus_dolloi,NC_001708.1
NC_001708.1,tRNA,tRNA-Arg,9816,9885,16646,Protopterus_dolloi,NC_001708.1
NC_001708.1,CDS,ND4L,9885,10182,16646,Protopterus_dolloi,NC_001708.1
NC_001708.1,CDS,ND4,10175,11559,16646,Protopterus_dolloi,NC_001708.1
NC_001708.1,tRNA,tRNA-His,11559,11628,16646,Protopterus_dolloi,NC_001708.1
NC_001708.1,tRNA,tRNA-Ser,11628,11695,16646,Protopterus_dolloi,NC_001708.1
NC_001708.1,tRNA,tRNA-Leu,11695,11766,16646,Protopterus_dolloi,NC_001708.1
NC_001708.1,CDS,ND5,11766,13602,16646,Protopterus_dolloi,NC_001708.1
NC_001708.1,CDS,ND6,13590,14103,16646,Protopterus_dolloi,NC_001708.1
NC_001708.1,tRNA,tRNA-Glu,14103,14172,16646,Protopterus_dolloi,NC_001708.1
NC_001708.1,CDS,Cytb,14174,15318,16646,Protopterus_dolloi,NC_001708.1
NC_001708.1,tRNA,tRNA-Thr,15318,15390,16646,Protopterus_dolloi,NC_001708.1
NC_001708.1,tRNA,tRNA-Pro,15392,15462,16646,Protopterus_dolloi,NC_001708.1
NC_001717.1,tRNA,tRNA-Phe,0,68,16642,Oncorhynchus_mykiss,NC_001717.1
NC_001717.1,rRNA,12S rRNA,68,1012,16642,Oncorhynchus_mykiss,NC_001717.1
NC_001717.1,tRNA,tRNA-Val,1012,1084,16642,Oncorhynchus_mykiss,NC_001717.1
NC_001717.1,rRNA,16S rRNA,1084,2764,16642,Oncorhynchus_mykiss,NC_001717.1
NC_001717.1,tRNA,tRNA-Leu,2764,2840,16642,Oncorhynchus_mykiss,NC_001717.1
NC_001717.1,CDS,ND1,2840,3812,16642,Oncorhynchus_mykiss,NC_001717.1
NC_001717.1,tRNA,tRNA-Ile,3815,3887,16642,Oncorhynchus_mykiss,NC_001717.1
NC_001717.1,tRNA,tRNA-Gln,3884,3955,16642,Oncorhynchus_mykiss,NC_001717.1
NC_001717.1,tRNA,tRNA-Met,3954,4023,16642,Oncorhynchus_mykiss,NC_001717.1
NC_001717.1,CDS,ND2,4023,5073,16642,Oncorhynchus_mykiss,NC_001717.1
NC_001717.1,tRNA,tRNA-Trp,5074,5145,16642,Oncorhynchus_mykiss,NC_001717.1
NC_001717.1,tRNA,tRNA-Ala,5145,5214,16642,Oncorhynchus_mykiss,NC_001717.1
NC_001717.1,tRNA,tRNA-Asn,5215,5288,16642,Oncorhynchus_mykiss,NC_001717.1
NC_001717.1,tRNA,tRNA-Cys,5325,5392,16642,Oncorhynchus_mykiss,NC_001717.1
NC_001717.1,tRNA,tRNA-Tyr,5392,5463,16642,Oncorhynchus_mykiss,NC_001717.1
NC_001717.1,CDS,COXI,5464,7015,16642,Oncorhynchus_mykiss,NC_001717.1
NC_001717.1,tRNA,tRNA-Ser,7015,7086,16642,Oncorhynchus_mykiss,NC_001717.1
NC_001717.1,tRNA,tRNA-Asp,7090,7163,16642,Oncorhynchus_mykiss,NC_001717.1
NC_001717.1,CDS,COXII,7177,7868,16642,Oncorhynchus_mykiss,NC_001717.1
NC_001717.1,tRNA,tRNA-Lys,7868,7942,16642,Oncorhynchus_mykiss,NC_001717.1
NC_001717.1,CDS,ATPase8,7943,8111,16642,Oncorhynchus_mykiss,NC_001717.1
NC_001717.1,CDS,ATPase6,8101,8772,16642,Oncorhynchus_mykiss,NC_001717.1
NC_001717.1,CDS,COXIII,8772,9557,16642,Oncorhynchus_mykiss,NC_001717.1
NC_001717.1,tRNA,tRNA-Gly,9557,9627,16642,Oncorhynchus_mykiss,NC_001717.1
NC_001717.1,CDS,ND3,9627,9976,16642,Oncorhynchus_mykiss,NC_001717.1
NC_001717.1,tRNA,tRNA-Arg,9976,10046,16642,Oncorhynchus_mykiss,NC_001717.1
NC_001717.1,CDS,ND4L,10046,10343,16642,Oncorhynchus_mykiss,NC_001717.1
NC_001717.1,CDS,ND4,10336,11717,16642,Oncorhynchus_mykiss,NC_001717.1
NC_001717.1,tRNA,tRNA-His,11717,11786,16642,Oncorhynchus_mykiss,NC_001717.1
NC_001717.1,tRNA,tRNA-Ser,11786,11855,16642,Oncorhynchus_mykiss,NC_001717.1
NC_001717.1,tRNA,tRNA-Leu,11856,11928,16642,Oncorhynchus_mykiss,NC_001717.1
NC_001717.1,CDS,ND5,11928,13767,16642,Oncorhynchus_mykiss,NC_001717.1
NC_001717.1,CDS,ND6,13763,14285,16642,Oncorhynchus_mykiss,NC_001717.1
NC_001717.1,tRNA,tRNA-Glu,14285,14354,16642,Oncorhynchus_mykiss,NC_001717.1
NC_001717.1,CDS,Cytb,14357,15498,16642,Oncorhynchus_mykiss,NC_001717.1
NC_001717.1,tRNA,tRNA-Thr,15498,15570,16642,Oncorhynchus_mykiss,NC_001717.1
NC_001717.1,tRNA,tRNA-Pro,15569,15639,16642,Oncorhynchus_mykiss,NC_001717.1
NC_001727.1,tRNA,tRNA-Phe,0,70,16558,Formosania_lacustris,NC_001727.1
NC_001727.1,rRNA,12S rRNA,70,1021,16558,Formosania_lacustris,NC_001727.1
NC_001727.1,tRNA,tRNA-Val,1021,1093,16558,Formosania_lacustris,NC_001727.1
NC_001727.1,rRNA,16S rRNA,1093,2773,16558,Formosania_lacustris,NC_001727.1
NC_001727.1,tRNA,tRNA-Leu,2773,2847,16558,Formosania_lacustris,NC_001727.1
NC_001727.1,CDS,ND1,2848,3823,16558,Formosania_lacustris,NC_001727.1
NC_001727.1,tRNA,tRNA-Ile,3831,3903,16558,Formosania_lacustris,NC_001727.1
NC_001727.1,tRNA,tRNA-Gln,3901,3972,16558,Formosania_lacustris,NC_001727.1
NC_001727.1,tRNA,tRNA-Met,3973,4042,16558,Formosania_lacustris,NC_001727.1
NC_001727.1,CDS,ND2,4042,5087,16558,Formosania_lacustris,NC_001727.1
NC_001727.1,tRNA,tRNA-Trp,5087,5158,16558,Formosania_lacustris,NC_001727.1
NC_001727.1,tRNA,tRNA-Ala,5160,5229,16558,Formosania_lacustris,NC_001727.1
NC_001727.1,tRNA,tRNA-Asn,5230,5303,16558,Formosania_lacustris,NC_001727.1
NC_001727.1,tRNA,tRNA-Cys,5333,5399,16558,Formosania_lacustris,NC_001727.1
NC_001727.1,tRNA,tRNA-Tyr,5400,5468,16558,Formosania_lacustris,NC_001727.1
NC_001727.1,CDS,COXI,5469,7020,16558,Formosania_lacustris,NC_001727.1
NC_001727.1,tRNA,tRNA-Ser,7021,7092,16558,Formosania_lacustris,NC_001727.1
NC_001727.1,tRNA,tRNA-Asp,7094,7167,16558,Formosania_lacustris,NC_001727.1
NC_001727.1,CDS,COXII,7180,7871,16558,Formosania_lacustris,NC_001727.1
NC_001727.1,tRNA,tRNA-Lys,7871,7947,16558,Formosania_lacustris,NC_001727.1
NC_001727.1,CDS,ATPase8,7948,8116,16558,Formosania_lacustris,NC_001727.1
NC_001727.1,CDS,ATPase6,8106,8789,16558,Formosania_lacustris,NC_001727.1
NC_001727.1,CDS,COXIII,8789,9574,16558,Formosania_lacustris,NC_001727.1
NC_001727.1,tRNA,tRNA-Gly,9574,9646,16558,Formosania_lacustris,NC_001727.1
NC_001727.1,CDS,ND3,9646,9995,16558,Formosania_lacustris,NC_001727.1
NC_001727.1,tRNA,tRNA-Arg,9995,10065,16558,Formosania_lacustris,NC_001727.1
NC_001727.1,CDS,ND4L,10065,10362,16558,Formosania_lacustris,NC_001727.1
NC_001727.1,CDS,ND4,10355,11737,16558,Formosania_lacustris,NC_001727.1
NC_001727.1,tRNA,tRNA-His,11737,11807,16558,Formosania_lacustris,NC_001727.1
NC_001727.1,tRNA,tRNA-Ser,11807,11875,16558,Formosania_lacustris,NC_001727.1
NC_001727.1,tRNA,tRNA-Leu,11876,11949,16558,Formosania_lacustris,NC_001727.1
NC_001727.1,CDS,ND5,11949,13788,16558,Formosania_lacustris,NC_001727.1
NC_001727.1,CDS,ND6,13784,14306,16558,Formosania_lacustris,NC_001727.1
NC_001727.1,tRNA,tRNA-Glu,14306,14375,16558,Formosania_lacustris,NC_001727.1
NC_001727.1,CDS,Cytb,14380,15521,16558,Formosania_lacustris,NC_001727.1
NC_001727.1,tRNA,tRNA-Thr,15521,15593,16558,Formosania_lacustris,NC_001727.1
NC_001727.1,tRNA,tRNA-Pro,15591,15661,16558,Formosania_lacustris,NC_001727.1
NC_001778.1,tRNA,tRNA-Phe,0,71,16624,Polypterus_ornatipinnis,NC_001778.1
NC_001778.1,rRNA,12S rRNA,71,1021,16624,Polypterus_ornatipinnis,NC_001778.1
NC_001778.1,tRNA,tRNA-Val,1021,1092,16624,Polypterus_ornatipinnis,NC_001778.1
NC_001778.1,rRNA,16S rRNA,1092,2747,16624,Polypterus_ornatipinnis,NC_001778.1
NC_001778.1,tRNA,tRNA-Leu,2747,2822,16624,Polypterus_ornatipinnis,NC_001778.1
NC_001778.1,CDS,ND1,2822,3781,16624,Polypterus_ornatipinnis,NC_001778.1
NC_001778.1,tRNA,tRNA-Ile,3781,3852,16624,Polypterus_ornatipinnis,NC_001778.1
NC_001778.1,tRNA,tRNA-Gln,3850,3921,16624,Polypterus_ornatipinnis,NC_001778.1
NC_001778.1,tRNA,tRNA-Met,3920,3989,16624,Polypterus_ornatipinnis,NC_001778.1
NC_001778.1,CDS,ND2,3989,5025,16624,Polypterus_ornatipinnis,NC_001778.1
NC_001778.1,tRNA,tRNA-Trp,5025,5094,16624,Polypterus_ornatipinnis,NC_001778.1
NC_001778.1,tRNA,tRNA-Ala,5099,5168,16624,Polypterus_ornatipinnis,NC_001778.1
NC_001778.1,tRNA,tRNA-Asn,5169,5242,16624,Polypterus_ornatipinnis,NC_001778.1
NC_001778.1,tRNA,tRNA-Cys,5278,5345,16624,Polypterus_ornatipinnis,NC_001778.1
NC_001778.1,tRNA,tRNA-Tyr,5345,5416,16624,Polypterus_ornatipinnis,NC_001778.1
NC_001778.1,CDS,COXI,5417,6974,16624,Polypterus_ornatipinnis,NC_001778.1
NC_001778.1,tRNA,tRNA-Ser,6965,7036,16624,Polypterus_ornatipinnis,NC_001778.1
NC_001778.1,tRNA,tRNA-Asp,7038,7107,16624,Polypterus_ornatipinnis,NC_001778.1
NC_001778.1,CDS,COXII,7110,7801,16624,Polypterus_ornatipinnis,NC_001778.1
NC_001778.1,tRNA,tRNA-Lys,7801,7874,16624,Polypterus_ornatipinnis,NC_001778.1
NC_001778.1,CDS,ATPase8,7874,8042,16624,Polypterus_ornatipinnis,NC_001778.1
NC_001778.1,CDS,ATPase6,8032,8715,16624,Polypterus_ornatipinnis,NC_001778.1
NC_001778.1,CDS,COXIII,8715,9500,16624,Polypterus_ornatipinnis,NC_001778.1
NC_001778.1,tRNA,tRNA-Gly,9500,9570,16624,Polypterus_ornatipinnis,NC_001778.1
NC_001778.1,CDS,ND3,9570,9916,16624,Polypterus_ornatipinnis,NC_001778.1
NC_001778.1,tRNA,tRNA-Arg,9916,9986,16624,Polypterus_ornatipinnis,NC_001778.1
NC_001778.1,CDS,ND4L,9986,10283,16624,Polypterus_ornatipinnis,NC_001778.1
NC_001778.1,CDS,ND4,10276,11654,16624,Polypterus_ornatipinnis,NC_001778.1
NC_001778.1,tRNA,tRNA-His,11654,11723,16624,Polypterus_ornatipinnis,NC_001778.1
NC_001778.1,tRNA,tRNA-Ser,11723,11789,16624,Polypterus_ornatipinnis,NC_001778.1
NC_001778.1,tRNA,tRNA-Leu,11791,11863,16624,Polypterus_ornatipinnis,NC_001778.1
NC_001778.1,CDS,ND5,11863,13705,16624,Polypterus_ornatipinnis,NC_001778.1
NC_001778.1,CDS,ND6,13700,14204,16624,Polypterus_ornatipinnis,NC_001778.1
NC_001778.1,tRNA,tRNA-Glu,14204,14273,16624,Polypterus_ornatipinnis,NC_001778.1
NC_001778.1,CDS,Cytb,14276,15417,16624,Polypterus_ornatipinnis,NC_001778.1
NC_001778.1,tRNA,tRNA-Thr,15417,15488,16624,Polypterus_ornatipinnis,NC_001778.1
NC_001778.1,tRNA,tRNA-Pro,15487,15556,16624,Polypterus_ornatipinnis,NC_001778.1
